<?xml version='1.0' encoding='UTF-8'?>
<!DOCTYPE Workflow PUBLIC "sailpoint.dtd" "sailpoint.dtd">
<Workflow  explicitTransitions="true" name="Password Expiration Reminder Workflow" type="IdentityEvent">
  <Variable input="true" name="identityName"/>
  <Variable input="true" name="alertApps"/>
  <Variable name="emailRecipient"/>
  <Variable initializer="Password Expiration Reminder Template" name="emailTemplate"/>
  <Variable initializer="false" name="trace"/>
  <Description>Workflow to send notification to user for password expiration.</Description>
  <Step icon="Start" name="Start">
    <Transition to="Notify">
      <Script>
        <Source>
          <![CDATA[
          import sailpoint.object.Identity;
          import sailpoint.tools.Util;

          Identity identity = (Identity) context.getObjectByName(Identity.class, identityName);
          if(identity != null) {
            emailRecipient = identity.getEmail();
            workflow.put("emailRecipient", emailRecipient);
          }

          return (emailRecipient != void) && Util.isNotNullOrEmpty(emailRecipient);
          ]]>
        </Source>
      </Script>
    </Transition>
    <Transition to="Stop"/>
  </Step>
  <Step action="call:sendEmail" icon="Email" name="Notify">
    <Arg name="template" value="ref:emailTemplate"/>
    <Arg name="to" value="ref:emailRecipient"/>
    <Transition to="Stop"/>
  </Step>
  <Step icon="Stop" name="Stop"/>
</Workflow>
